StockCode,Description,UnitPrice,Quantity,Discount (%),Discounted Price
85123A,WHITE HANGING HEART T-LIGHT HOLDER,2.55,6,0.05,2.4225
71053,WHITE METAL LANTERN,3.39,6,0.05,3.2205
84406B,CREAM CUPID HEARTS COAT HANGER,2.75,8,0.05,2.6125
84029G,KNITTED UNION FLAG HOT WATER BOTTLE,3.39,6,0.05,3.2205
84029E,RED WOOLLY HOTTIE WHITE HEART.,3.39,6,0.05,3.2205
22752,SET 7 BABUSHKA NESTING BOXES,7.65,2,0.0,7.65
21730,GLASS STAR FROSTED T-LIGHT HOLDER,4.25,6,0.05,4.0375
22633,HAND WARMER UNION JACK,1.85,6,0.05,1.7575
22632,HAND WARMER RED POLKA DOT,1.85,6,0.05,1.7575
84879,ASSORTED COLOUR BIRD ORNAMENT,1.69,32,0.1,1.521
22745,POPPY'S PLAYHOUSE BEDROOM ,2.1,6,0.05,1.9949999999999999
22748,POPPY'S PLAYHOUSE KITCHEN,2.1,6,0.05,1.9949999999999999
22749,FELTCRAFT PRINCESS CHARLOTTE DOLL,3.75,8,0.05,3.5625
22310,IVORY KNITTED MUG COSY ,1.65,6,0.05,1.5675
84969,BOX OF 6 ASSORTED COLOUR TEASPOONS,4.25,6,0.05,4.0375
22623,BOX OF VINTAGE JIGSAW BLOCKS ,4.95,3,0.0,4.95
22622,BOX OF VINTAGE ALPHABET BLOCKS,9.95,2,0.0,9.95
21754,HOME BUILDING BLOCK WORD,5.95,3,0.0,5.95
21755,LOVE BUILDING BLOCK WORD,5.95,3,0.0,5.95
21777,RECIPE BOX WITH METAL HEART,7.95,4,0.0,7.95
48187,DOORMAT NEW ENGLAND,7.95,4,0.0,7.95
22960,JAM MAKING SET WITH JARS,4.25,6,0.05,4.0375
22913,RED COAT RACK PARIS FASHION,4.95,3,0.0,4.95
22912,YELLOW COAT RACK PARIS FASHION,4.95,3,0.0,4.95
22914,BLUE COAT RACK PARIS FASHION,4.95,3,0.0,4.95
21756,BATH BUILDING BLOCK WORD,5.95,3,0.0,5.95
22728,ALARM CLOCK BAKELIKE PINK,3.75,24,0.1,3.375
22727,ALARM CLOCK BAKELIKE RED ,3.75,24,0.1,3.375
22726,ALARM CLOCK BAKELIKE GREEN,3.75,12,0.1,3.375
21724,PANDA AND BUNNIES STICKER SHEET,0.85,12,0.1,0.765
21883,STARS GIFT TAPE ,0.65,24,0.1,0.5850000000000001
10002,INFLATABLE POLITICAL GLOBE ,0.85,48,0.1,0.765
21791,VINTAGE HEADS AND TAILS CARD GAME ,1.25,24,0.1,1.125
21035,SET/2 RED RETROSPOT TEA TOWELS ,2.95,18,0.1,2.6550000000000002
22326,ROUND SNACK BOXES SET OF4 WOODLAND ,2.95,24,0.1,2.6550000000000002
22629,SPACEBOY LUNCH BOX ,1.95,24,0.1,1.755
22659,LUNCH BOX I LOVE LONDON,1.95,24,0.1,1.755
22631,CIRCUS PARADE LUNCH BOX ,1.95,24,0.1,1.755
22661,CHARLOTTE BAG DOLLY GIRL DESIGN,0.85,20,0.1,0.765
21731,RED TOADSTOOL LED NIGHT LIGHT,1.65,24,0.1,1.4849999999999999
22900, SET 2 TEA TOWELS I LOVE LONDON ,2.95,24,0.1,2.6550000000000002
21913,VINTAGE SEASIDE JIGSAW PUZZLES,3.75,12,0.1,3.375
22540,MINI JIGSAW CIRCUS PARADE ,0.42,24,0.1,0.378
22544,MINI JIGSAW SPACEBOY,0.42,24,0.1,0.378
22492,MINI PAINT SET VINTAGE ,0.65,36,0.1,0.5850000000000001
POST,POSTAGE,18.0,3,0.0,18.0
22086,PAPER CHAIN KIT 50'S CHRISTMAS ,2.55,80,0.1,2.295
22632,HAND WARMER RED POLKA DOT,1.85,6,0.05,1.7575
22633,HAND WARMER UNION JACK,1.85,6,0.05,1.7575
85123A,WHITE HANGING HEART T-LIGHT HOLDER,2.55,6,0.05,2.4225
71053,WHITE METAL LANTERN,3.39,6,0.05,3.2205
84406B,CREAM CUPID HEARTS COAT HANGER,2.75,8,0.05,2.6125
20679,EDWARDIAN PARASOL RED,4.95,6,0.05,4.7025
37370,RETRO COFFEE MUGS ASSORTED,1.06,6,0.05,1.007
21871,SAVE THE PLANET MUG,1.06,6,0.05,1.007
21071,VINTAGE BILLBOARD DRINK ME MUG,1.06,6,0.05,1.007
21068,VINTAGE BILLBOARD LOVE/HATE MUG,1.06,6,0.05,1.007
82483,WOOD 2 DRAWER CABINET WHITE FINISH,4.95,2,0.0,4.95
82486,WOOD S/3 CABINET ANT WHITE FINISH,6.95,4,0.0,6.95
82482,WOODEN PICTURE FRAME WHITE FINISH,2.1,6,0.05,1.9949999999999999
82494L,WOODEN FRAME ANTIQUE WHITE ,2.55,6,0.05,2.4225
84029G,KNITTED UNION FLAG HOT WATER BOTTLE,3.39,6,0.05,3.2205
84029E,RED WOOLLY HOTTIE WHITE HEART.,3.39,6,0.05,3.2205
22752,SET 7 BABUSHKA NESTING BOXES,7.65,2,0.0,7.65
21730,GLASS STAR FROSTED T-LIGHT HOLDER,4.25,6,0.05,4.0375
21258,VICTORIAN SEWING BOX LARGE,10.95,32,0.1,9.855
85123A,WHITE HANGING HEART T-LIGHT HOLDER,2.55,6,0.05,2.4225
71053,WHITE METAL LANTERN,3.39,6,0.05,3.2205
84406B,CREAM CUPID HEARTS COAT HANGER,2.75,8,0.05,2.6125
20679,EDWARDIAN PARASOL RED,4.95,6,0.05,4.7025
37370,RETRO COFFEE MUGS ASSORTED,1.06,6,0.05,1.007
21871,SAVE THE PLANET MUG,1.06,6,0.05,1.007
21071,VINTAGE BILLBOARD DRINK ME MUG,1.06,6,0.05,1.007
21068,VINTAGE BILLBOARD LOVE/HATE MUG,1.06,6,0.05,1.007
82483,WOOD 2 DRAWER CABINET WHITE FINISH,4.95,2,0.0,4.95
82486,WOOD S/3 CABINET ANT WHITE FINISH,6.95,4,0.0,6.95
82482,WOODEN PICTURE FRAME WHITE FINISH,2.1,6,0.05,1.9949999999999999
82494L,WOODEN FRAME ANTIQUE WHITE ,2.55,6,0.05,2.4225
84029G,KNITTED UNION FLAG HOT WATER BOTTLE,3.39,6,0.05,3.2205
84029E,RED WOOLLY HOTTIE WHITE HEART.,3.39,6,0.05,3.2205
22752,SET 7 BABUSHKA NESTING BOXES,7.65,2,0.0,7.65
21730,GLASS STAR FROSTED T-LIGHT HOLDER,4.25,6,0.05,4.0375
22114,HOT WATER BOTTLE TEA AND SYMPATHY,3.45,48,0.1,3.1050000000000004
21733,RED HANGING HEART T-LIGHT HOLDER,2.55,64,0.1,2.295
22632,HAND WARMER RED POLKA DOT,1.85,6,0.05,1.7575
22633,HAND WARMER UNION JACK,1.85,6,0.05,1.7575
22386,JUMBO BAG PINK POLKADOT,1.95,10,0.1,1.755
85099C,JUMBO  BAG BAROQUE BLACK WHITE,1.95,10,0.1,1.755
21033,JUMBO BAG CHARLIE AND LOLA TOYS,2.95,10,0.1,2.6550000000000002
20723,STRAWBERRY CHARLOTTE BAG,0.85,10,0.1,0.765
84997B,RED 3 PIECE RETROSPOT CUTLERY SET,3.75,12,0.1,3.375
84997C,BLUE 3 PIECE POLKADOT CUTLERY SET,3.75,6,0.05,3.5625
21094,SET/6 RED SPOTTY PAPER PLATES,0.85,12,0.1,0.765
20725,LUNCH BAG RED RETROSPOT,1.65,10,0.1,1.4849999999999999
21559,STRAWBERRY LUNCH BOX WITH CUTLERY,2.55,6,0.05,2.4225
22352,LUNCH BOX WITH CUTLERY RETROSPOT ,2.55,6,0.05,2.4225
21212,PACK OF 72 RETROSPOT CAKE CASES,0.42,120,0.1,0.378
21975,PACK OF 60 DINOSAUR CAKE CASES,0.55,24,0.1,0.49500000000000005
21977,PACK OF 60 PINK PAISLEY CAKE CASES,0.55,24,0.1,0.49500000000000005
84991,60 TEATIME FAIRY CAKE CASES,0.55,24,0.1,0.49500000000000005
84519A,TOMATO CHARLIE+LOLA COASTER SET,2.95,6,0.05,2.8025
85183B,CHARLIE & LOLA WASTEPAPER BIN FLORA,1.25,48,0.1,1.125
85071B,RED CHARLIE+LOLA PERSONAL DOORSIGN,0.38,96,0.1,0.342
21931,JUMBO STORAGE BAG SUKI,1.95,10,0.1,1.755
21929,JUMBO BAG PINK VINTAGE PAISLEY,1.95,10,0.1,1.755
22961,JAM MAKING SET PRINTED,1.45,24,0.1,1.305
22139,RETROSPOT TEA SET CERAMIC 11 PC ,4.25,23,0.1,3.825
84854,GIRLY PINK TOOL SET,4.95,5,0.05,4.7025
22411,JUMBO SHOPPER VINTAGE RED PAISLEY,1.95,10,0.1,1.755
82567,"AIRLINE LOUNGE,METAL SIGN",2.1,2,0.0,2.1
21672,WHITE SPOT RED CERAMIC DRAWER KNOB,1.25,6,0.05,1.1875
22774,RED DRAWER KNOB ACRYLIC EDWARDIAN,1.25,24,0.1,1.125
22771,CLEAR DRAWER KNOB ACRYLIC EDWARDIAN,1.25,24,0.1,1.125
71270,PHOTO CLIP LINE,1.25,1,0.0,1.25
22262,FELT EGG COSY CHICKEN,0.85,1,0.0,0.85
22637,PIGGY BANK RETROSPOT ,2.55,1,0.0,2.55
21934,SKULL SHOULDER BAG,1.65,10,0.1,1.4849999999999999
21169,YOU'RE CONFUSING ME METAL SIGN ,1.69,3,0.0,1.69
21166,COOK WITH WINE METAL SIGN ,1.95,1,0.0,1.95
21175,GIN + TONIC DIET METAL SIGN,2.1,2,0.0,2.1
37444A,YELLOW BREAKFAST CUP AND SAUCER,2.95,1,0.0,2.95
37444C,PINK BREAKFAST CUP AND SAUCER ,2.95,1,0.0,2.95
22086,PAPER CHAIN KIT 50'S CHRISTMAS ,2.95,4,0.0,2.95
22083,PAPER CHAIN KIT RETROSPOT,2.95,1,0.0,2.95
84971S,SMALL HEART FLOWERS HOOK ,0.85,6,0.05,0.8075
71270,PHOTO CLIP LINE,1.25,3,0.0,1.25
47580,TEA TIME DES TEA COSY,2.55,2,0.0,2.55
22261,FELT EGG COSY WHITE RABBIT ,0.85,1,0.0,0.85
84832,ZINC WILLIE WINKIE  CANDLE STICK,0.85,1,0.0,0.85
22644,CERAMIC CHERRY CAKE MONEY BANK,1.45,1,0.0,1.45
21533,RETROSPOT LARGE MILK JUG,4.95,1,0.0,4.95
21557,SET OF 6 FUNKY BEAKERS,2.95,2,0.0,2.95
15056BL,EDWARDIAN PARASOL BLACK,5.95,2,0.0,5.95
15056N,EDWARDIAN PARASOL NATURAL,5.95,2,0.0,5.95
22646,CERAMIC STRAWBERRY CAKE MONEY BANK,1.45,4,0.0,1.45
22176,BLUE OWL SOFT TOY,2.95,1,0.0,2.95
22438,BALLOON ART MAKE YOUR OWN FLOWERS,1.95,1,0.0,1.95
21731,RED TOADSTOOL LED NIGHT LIGHT,1.65,2,0.0,1.65
22778,GLASS CLOCHE SMALL,3.95,3,0.0,3.95
22719,GUMBALL MONOCHROME COAT RACK,1.06,36,0.1,0.9540000000000001
21523,DOORMAT FANCY FONT HOME SWEET HOME,6.75,10,0.1,6.075
D,Discount,27.5,-1,0.0,27.5
10002,INFLATABLE POLITICAL GLOBE ,0.85,12,0.1,0.765
21912,VINTAGE SNAKES & LADDERS,3.75,8,0.05,3.5625
21832,CHOCOLATE CALCULATOR,1.65,12,0.1,1.4849999999999999
22411,JUMBO SHOPPER VINTAGE RED PAISLEY,1.95,10,0.1,1.755
22379,RECYCLING BAG RETROSPOT ,2.1,10,0.1,1.8900000000000001
22381,TOY TIDY PINK POLKADOT,1.85,50,0.1,1.665
22798,ANTIQUE GLASS DRESSING TABLE POT,2.95,8,0.05,2.8025
22726,ALARM CLOCK BAKELIKE GREEN,3.75,4,0.0,3.75
22926,IVORY GIANT GARDEN THERMOMETER,5.95,12,0.1,5.355
22839,3 TIER CAKE TIN GREEN AND CREAM,14.95,2,0.0,14.95
22838,3 TIER CAKE TIN RED AND CREAM,14.95,2,0.0,14.95
22783,SET 3 WICKER OVAL BASKETS W LIDS,16.95,4,0.0,16.95
35004C,SET OF 3 COLOURED  FLYING DUCKS,4.65,-1,0.0,4.65
82484,WOOD BLACK BOARD ANT WHITE FINISH,6.45,3,0.0,6.45
84755,COLOUR GLASS T-LIGHT HOLDER HANGING,0.65,48,0.1,0.5850000000000001
22464,HANGING METAL HEART LANTERN,1.65,12,0.1,1.4849999999999999
21324,HANGING MEDINA LANTERN SMALL,2.95,6,0.05,2.8025
22457,NATURAL SLATE HEART CHALKBOARD ,2.95,12,0.1,2.6550000000000002
22469,HEART OF WICKER SMALL,1.45,40,0.1,1.305
22470,HEART OF WICKER LARGE,2.55,40,0.1,2.295
22224,WHITE LOVEBIRD LANTERN,2.95,6,0.05,2.8025
21340,CLASSIC METAL BIRDCAGE PLANT HOLDER,12.75,2,0.0,12.75
22189,CREAM HEART CARD HOLDER,3.95,4,0.0,3.95
22427,ENAMEL FLOWER JUG CREAM,5.95,3,0.0,5.95
22428,ENAMEL FIRE BUCKET CREAM,6.95,6,0.05,6.6025
22424,ENAMEL BREAD BIN CREAM,10.95,8,0.05,10.402499999999998
22783,SET 3 WICKER OVAL BASKETS W LIDS,19.95,1,0.0,19.95
22961,JAM MAKING SET PRINTED,1.45,12,0.1,1.305
22960,JAM MAKING SET WITH JARS,4.25,6,0.05,4.0375
22663,JUMBO BAG DOLLY GIRL DESIGN,1.95,10,0.1,1.755
85049A,TRADITIONAL CHRISTMAS RIBBONS,1.25,12,0.1,1.125
22168,ORGANISER WOOD ANTIQUE WHITE ,8.5,2,0.0,8.5
22662,LUNCH BAG DOLLY GIRL DESIGN,1.65,10,0.1,1.4849999999999999
84880,WHITE WIRE EGG HOLDER,4.95,36,0.1,4.455
85099C,JUMBO  BAG BAROQUE BLACK WHITE,1.65,100,0.1,1.4849999999999999
85099B,JUMBO BAG RED RETROSPOT,1.65,100,0.1,1.4849999999999999
79321,CHILLI LIGHTS,3.82,192,0.1,3.4379999999999997
22780,LIGHT GARLAND BUTTERFILES PINK,3.37,192,0.1,3.0330000000000004
22779,WOODEN OWLS LIGHT GARLAND ,3.37,192,0.1,3.0330000000000004
22466,FAIRY TALE COTTAGE NIGHTLIGHT,1.45,432,0.1,1.305
21731,RED TOADSTOOL LED NIGHT LIGHT,1.25,432,0.1,1.125
21754,HOME BUILDING BLOCK WORD,5.95,3,0.0,5.95
21755,LOVE BUILDING BLOCK WORD,5.95,3,0.0,5.95
21523,DOORMAT FANCY FONT HOME SWEET HOME,7.95,2,0.0,7.95
21363,HOME SMALL WOOD LETTERS,4.95,3,0.0,4.95
21411,GINGHAM HEART  DOORSTOP RED,4.25,3,0.0,4.25
22318,FIVE HEART HANGING DECORATION,2.95,6,0.05,2.8025
22464,HANGING METAL HEART LANTERN,1.65,12,0.1,1.4849999999999999
22915,ASSORTED BOTTLE TOP  MAGNETS ,0.42,12,0.1,0.378
22922,FRIDGE MAGNETS US DINER ASSORTED,0.85,12,0.1,0.765
22969,HOMEMADE JAM SCENTED CANDLES,1.45,12,0.1,1.305
22923,FRIDGE MAGNETS LES ENFANTS ASSORTED,0.85,12,0.1,0.765
21115,ROSE CARAVAN DOORSTOP,6.75,4,0.0,6.75
22469,HEART OF WICKER SMALL,1.65,12,0.1,1.4849999999999999
22242,5 HOOK HANGER MAGIC TOADSTOOL,1.65,12,0.1,1.4849999999999999
22941,CHRISTMAS LIGHTS 10 REINDEER,8.5,6,0.05,8.075
21622,VINTAGE UNION JACK CUSHION COVER,4.95,8,0.05,4.7025
21791,VINTAGE HEADS AND TAILS CARD GAME ,1.25,12,0.1,1.125
35004C,SET OF 3 COLOURED  FLYING DUCKS,5.45,6,0.05,5.1775
35004G,SET OF 3 GOLD FLYING DUCKS,6.35,4,0.0,6.35
85014B,RED RETROSPOT UMBRELLA,5.95,6,0.05,5.6525
85014A,BLACK/BLUE POLKADOT UMBRELLA,5.95,3,0.0,5.95
22193,RED DINER WALL CLOCK,8.5,2,0.0,8.5
22726,ALARM CLOCK BAKELIKE GREEN,3.75,4,0.0,3.75
22727,ALARM CLOCK BAKELIKE RED ,3.75,4,0.0,3.75
22192,BLUE DINER WALL CLOCK,8.5,2,0.0,8.5
22191,IVORY DINER WALL CLOCK,8.5,2,0.0,8.5
22195,LARGE HEART MEASURING SPOONS,1.65,24,0.1,1.4849999999999999
22196,SMALL HEART MEASURING SPOONS,0.85,24,0.1,0.765
22941,CHRISTMAS LIGHTS 10 REINDEER,8.5,2,0.0,8.5
22960,JAM MAKING SET WITH JARS,3.75,12,0.1,3.375
22961,JAM MAKING SET PRINTED,1.45,12,0.1,1.305
22962,JAM JAR WITH PINK LID,0.72,48,0.1,0.648
22963,JAM JAR WITH GREEN LID,0.72,48,0.1,0.648
22968,ROSE COTTAGE KEEPSAKE BOX ,8.5,8,0.05,8.075
84970S,HANGING HEART ZINC T-LIGHT HOLDER,0.64,144,0.1,0.5760000000000001
22910,PAPER CHAIN KIT VINTAGE CHRISTMAS,2.55,40,0.1,2.295
20668,DISCO BALL CHRISTMAS DECORATION,0.1,288,0.1,0.09000000000000001
85123A,WHITE HANGING HEART T-LIGHT HOLDER,2.55,64,0.1,2.295
22197,SMALL POPCORN HOLDER,0.72,100,0.1,0.648
22198,LARGE POPCORN HOLDER ,1.45,50,0.1,1.305
21533,RETROSPOT LARGE MILK JUG,4.25,12,0.1,3.825
21080,SET/20 RED RETROSPOT PAPER NAPKINS ,0.64,96,0.1,0.5760000000000001
21094,SET/6 RED SPOTTY PAPER PLATES,0.64,96,0.1,0.5760000000000001
21086,SET/6 RED SPOTTY PAPER CUPS,0.65,48,0.1,0.5850000000000001
21786,POLKADOT RAIN HAT ,0.32,144,0.1,0.28800000000000003
22654,DELUXE SEWING KIT ,4.95,40,0.1,4.455
21485,RETROSPOT HEART HOT WATER BOTTLE,4.25,24,0.1,3.825
84029G,KNITTED UNION FLAG HOT WATER BOTTLE,3.39,24,0.1,3.051
84030E,ENGLISH ROSE HOT WATER BOTTLE,3.75,24,0.1,3.375
22174,PHOTO CUBE,1.48,48,0.1,1.332
22969,HOMEMADE JAM SCENTED CANDLES,1.25,96,0.1,1.125
85099B,JUMBO BAG RED RETROSPOT,1.65,100,0.1,1.4849999999999999
22556,PLASTERS IN TIN CIRCUS PARADE ,1.65,-12,0.0,1.65
21984,PACK OF 12 PINK PAISLEY TISSUES ,0.29,-24,0.0,0.29
21983,PACK OF 12 BLUE PAISLEY TISSUES ,0.29,-24,0.0,0.29
21980,PACK OF 12 RED RETROSPOT TISSUES ,0.29,-24,0.0,0.29
21484,CHICK GREY HOT WATER BOTTLE,3.45,-12,0.0,3.45
22557,PLASTERS IN TIN VINTAGE PAISLEY ,1.65,-12,0.0,1.65
22553,PLASTERS IN TIN SKULLS,1.65,-24,0.0,1.65
22150,3 STRIPEY MICE FELTCRAFT,1.95,6,0.05,1.8524999999999998
22619,SET OF 6 SOLDIER SKITTLES,3.75,4,0.0,3.75
21891,TRADITIONAL WOODEN SKIPPING ROPE,1.25,12,0.1,1.125
21889,WOODEN BOX OF DOMINOES,1.25,12,0.1,1.125
22827,RUSTIC  SEVENTEEN DRAWER SIDEBOARD,165.0,1,0.0,165.0
22127,PARTY CONES CARNIVAL ASSORTED,1.25,12,0.1,1.125
22128,PARTY CONES CANDY ASSORTED,1.25,12,0.1,1.125
22502,PICNIC BASKET WICKER SMALL,5.95,4,0.0,5.95
84879,ASSORTED COLOUR BIRD ORNAMENT,1.69,16,0.1,1.521
22338,STAR DECORATION PAINTED ZINC ,0.65,24,0.1,0.5850000000000001
22180,RETROSPOT LAMP,9.95,8,0.05,9.452499999999999
21506,"FANCY FONT BIRTHDAY CARD, ",0.42,24,0.1,0.378
22633,HAND WARMER UNION JACK,1.85,96,0.1,1.665
22866,HAND WARMER SCOTTY DOG DESIGN,1.85,96,0.1,1.665
22865,HAND WARMER OWL DESIGN,1.85,96,0.1,1.665
22632,HAND WARMER RED RETROSPOT,1.85,96,0.1,1.665
21485,RETROSPOT HEART HOT WATER BOTTLE,4.95,12,0.1,4.455
22349,DOG BOWL CHASING BALL DESIGN,3.75,12,0.1,3.375
22558,CLOTHES PEGS RETROSPOT PACK 24 ,1.25,48,0.1,1.125
85152,HAND OVER THE CHOCOLATE   SIGN ,2.1,12,0.1,1.8900000000000001
85123A,WHITE HANGING HEART T-LIGHT HOLDER,2.55,32,0.1,2.295
22652,TRAVEL SEWING KIT,1.65,20,0.1,1.4849999999999999
22188,BLACK HEART CARD HOLDER,3.95,8,0.05,3.7525
84879,ASSORTED COLOUR BIRD ORNAMENT,1.69,32,0.1,1.521
21977,PACK OF 60 PINK PAISLEY CAKE CASES,0.55,24,0.1,0.49500000000000005
84991,60 TEATIME FAIRY CAKE CASES,0.55,24,0.1,0.49500000000000005
21212,PACK OF 72 RETROSPOT CAKE CASES,0.55,24,0.1,0.49500000000000005
21484,CHICK GREY HOT WATER BOTTLE,3.45,8,0.05,3.2775
21314,SMALL GLASS HEART TRINKET POT,2.1,8,0.05,1.9949999999999999
22730,ALARM CLOCK BAKELIKE IVORY,3.75,4,0.0,3.75
22727,ALARM CLOCK BAKELIKE RED ,3.75,8,0.05,3.5625
22729,ALARM CLOCK BAKELIKE ORANGE,3.75,8,0.05,3.5625
22726,ALARM CLOCK BAKELIKE GREEN,3.75,8,0.05,3.5625
22114,HOT WATER BOTTLE TEA AND SYMPATHY,3.95,8,0.05,3.7525
22867,HAND WARMER BIRD DESIGN,2.1,48,0.1,1.8900000000000001
22866,HAND WARMER SCOTTY DOG DESIGN,2.1,48,0.1,1.8900000000000001
85123A,WHITE HANGING HEART T-LIGHT HOLDER,2.55,6,0.05,2.4225
71053,WHITE METAL LANTERN,3.39,6,0.05,3.2205
84406B,CREAM CUPID HEARTS COAT HANGER,2.75,8,0.05,2.6125
15056BL,EDWARDIAN PARASOL BLACK,4.95,6,0.05,4.7025
20679,EDWARDIAN PARASOL RED,4.95,6,0.05,4.7025
37370,RETRO COFFEE MUGS ASSORTED,1.06,6,0.05,1.007
21871,SAVE THE PLANET MUG,1.06,6,0.05,1.007
21071,VINTAGE BILLBOARD DRINK ME MUG,1.06,6,0.05,1.007
21068,VINTAGE BILLBOARD LOVE/HATE MUG,1.06,6,0.05,1.007
82483,WOOD 2 DRAWER CABINET WHITE FINISH,4.95,2,0.0,4.95
82486,WOOD S/3 CABINET ANT WHITE FINISH,6.95,4,0.0,6.95
82482,WOODEN PICTURE FRAME WHITE FINISH,2.1,6,0.05,1.9949999999999999
82494L,WOODEN FRAME ANTIQUE WHITE ,2.55,12,0.1,2.295
84029G,KNITTED UNION FLAG HOT WATER BOTTLE,3.39,6,0.05,3.2205
84029E,RED WOOLLY HOTTIE WHITE HEART.,3.39,6,0.05,3.2205
22752,SET 7 BABUSHKA NESTING BOXES,7.65,2,0.0,7.65
22803,IVORY EMBROIDERED QUILT ,35.75,2,0.0,35.75
21730,GLASS STAR FROSTED T-LIGHT HOLDER,4.25,6,0.05,4.0375
35004B,SET OF 3 BLACK FLYING DUCKS,4.65,12,0.1,4.1850000000000005
35004C,SET OF 3 COLOURED  FLYING DUCKS,4.65,48,0.1,4.1850000000000005
21980,PACK OF 12 RED RETROSPOT TISSUES ,0.29,24,0.1,0.261
21844,RED RETROSPOT MUG,2.95,6,0.05,2.8025
22468,BABUSHKA LIGHTS STRING OF 10,6.75,4,0.0,6.75
22637,PIGGY BANK RETROSPOT ,2.55,8,0.05,2.4225
22752,SET 7 BABUSHKA NESTING BOXES,8.5,6,0.05,8.075
48185,DOORMAT FAIRY CAKE,7.95,2,0.0,7.95
22632,HAND WARMER RED RETROSPOT,2.1,12,0.1,1.8900000000000001
22866,HAND WARMER SCOTTY DOG DESIGN,2.1,12,0.1,1.8900000000000001
22865,HAND WARMER OWL DESIGN,2.1,12,0.1,1.8900000000000001
21232,STRAWBERRY CERAMIC TRINKET BOX,1.25,12,0.1,1.125
22064,PINK DOUGHNUT TRINKET POT ,1.65,12,0.1,1.4849999999999999
22449,SILK PURSE BABUSHKA PINK,3.35,6,0.05,3.1825
22114,HOT WATER BOTTLE TEA AND SYMPATHY,3.95,4,0.0,3.95
22835,HOT WATER BOTTLE I AM SO POORLY,4.65,8,0.05,4.4175
22112,CHOCOLATE HOT WATER BOTTLE,4.95,9,0.05,4.7025
21479,WHITE SKULL HOT WATER BOTTLE ,3.75,4,0.0,3.75
22111,SCOTTIE DOG HOT WATER BOTTLE,4.95,9,0.05,4.7025
22632,HAND WARMER RED POLKA DOT,1.85,6,0.05,1.7575
22633,HAND WARMER UNION JACK,1.85,6,0.05,1.7575
22969,HOMEMADE JAM SCENTED CANDLES,1.45,12,0.1,1.305
22110,BIRD HOUSE HOT WATER BOTTLE,2.55,1,0.0,2.55
22098,BOUDOIR SQUARE TISSUE BOX,1.25,1,0.0,1.25
22100,SKULLS SQUARE TISSUE BOX,1.25,2,0.0,1.25
22766,PHOTO FRAME CORNICE,2.95,1,0.0,2.95
22451,SILK PURSE BABUSHKA RED,3.35,1,0.0,3.35
22549,PICTURE DOMINOES,1.45,1,0.0,1.45
84744,S/6 SEW ON CROCHET FLOWERS,1.25,1,0.0,1.25
85049E,SCANDINAVIAN REDS RIBBONS,1.25,2,0.0,1.25
21328,BALLOONS  WRITING SET ,1.65,1,0.0,1.65
22961,JAM MAKING SET PRINTED,1.45,4,0.0,1.45
17091A,LAVENDER INCENSE IN TIN,1.25,1,0.0,1.25
22473,TV DINNER TRAY VINTAGE PAISLEY,4.95,1,0.0,4.95
84509A,SET OF 4 ENGLISH ROSE PLACEMATS,3.75,2,0.0,3.75
84510A,SET OF 4 ENGLISH ROSE COASTERS,1.25,2,0.0,1.25
22767,TRIPLE PHOTO FRAME CORNICE ,9.95,2,0.0,9.95
22768,FAMILY PHOTO FRAME CORNICE,9.95,1,0.0,9.95
21463,MIRRORED DISCO BALL ,5.95,1,0.0,5.95
21464,DISCO BALL ROTATOR BATTERY OPERATED,4.25,1,0.0,4.25
20820,SILVER LOOKING MIRROR,4.95,3,0.0,4.95
85150,LADIES & GENTLEMEN METAL SIGN,2.55,1,0.0,2.55
22117,METAL SIGN HER DINNER IS SERVED ,2.95,1,0.0,2.95
21169,YOU'RE CONFUSING ME METAL SIGN ,1.69,2,0.0,1.69
48129,DOORMAT TOPIARY,7.95,1,0.0,7.95
82580,BATHROOM METAL SIGN,0.55,1,0.0,0.55
82578,KITCHEN METAL SIGN,0.55,1,0.0,0.55
82581,TOILET METAL SIGN,0.55,2,0.0,0.55
22413,METAL SIGN TAKE IT OR LEAVE IT ,2.95,4,0.0,2.95
21907,I'M ON HOLIDAY METAL SIGN,2.1,2,0.0,2.1
22441,GROW YOUR OWN BASIL IN ENAMEL MUG,2.1,1,0.0,2.1
21122,SET/10 PINK POLKADOT PARTY CANDLES,1.25,1,0.0,1.25
22851,SET 20 NAPKINS FAIRY CAKES DESIGN ,0.85,1,0.0,0.85
84991,60 TEATIME FAIRY CAKE CASES,0.55,3,0.0,0.55
22810,SET OF 6 T-LIGHTS SNOWMEN,2.95,1,0.0,2.95
22809,SET OF 6 T-LIGHTS SANTA,2.95,1,0.0,2.95
22435,SET OF 9 HEART SHAPED BALLOONS,1.25,2,0.0,1.25
20966,SANDWICH BATH SPONGE,1.25,3,0.0,1.25
20963,APPLE BATH SPONGE,1.25,1,0.0,1.25
20961,STRAWBERRY BATH SPONGE ,1.25,1,0.0,1.25
22068,BLACK PIRATE TREASURE CHEST,1.65,2,0.0,1.65
21743,STAR PORTABLE TABLE LIGHT ,2.95,2,0.0,2.95
21744,SNOWFLAKE PORTABLE TABLE LIGHT ,2.95,2,0.0,2.95
84709B,PINK OVAL JEWELLED MIRROR,5.95,1,0.0,5.95
21592,RETROSPOT CIGAR BOX MATCHES ,1.25,1,0.0,1.25
21587,COSY HOUR GIANT TUBE MATCHES,2.55,2,0.0,2.55
20992,JAZZ HEARTS PURSE NOTEBOOK,0.85,9,0.05,0.8075
22662,LUNCH BAG DOLLY GIRL DESIGN,1.65,1,0.0,1.65
85123A,WHITE HANGING HEART T-LIGHT HOLDER,2.95,4,0.0,2.95
22804,CANDLEHOLDER PINK HANGING HEART,2.95,3,0.0,2.95
82483,WOOD 2 DRAWER CABINET WHITE FINISH,5.95,1,0.0,5.95
20749,ASSORTED COLOUR MINI CASES,7.95,1,0.0,7.95
20725,LUNCH BAG RED RETROSPOT,1.65,1,0.0,1.65
22382,LUNCH BAG SPACEBOY DESIGN ,1.65,2,0.0,1.65
20726,LUNCH BAG WOODLAND,1.65,1,0.0,1.65
22384,LUNCH BAG PINK POLKADOT,1.65,1,0.0,1.65
22467,GUMBALL COAT RACK,2.55,5,0.05,2.4225
84625C,BLUE NEW BAROQUE CANDLESTICK CANDLE,2.95,3,0.0,2.95
84625A,PINK NEW BAROQUECANDLESTICK CANDLE,2.95,3,0.0,2.95
21108,FAIRY CAKE FLANNEL ASSORTED COLOUR,2.55,9,0.05,2.4225
22848,BREAD BIN DINER STYLE PINK,16.95,1,0.0,16.95
21033,JUMBO BAG CHARLIE AND LOLA TOYS,2.95,4,0.0,2.95
47570B,TEA TIME TABLE CLOTH,10.65,1,0.0,10.65
84030E,ENGLISH ROSE HOT WATER BOTTLE,4.25,1,0.0,4.25
22428,ENAMEL FIRE BUCKET CREAM,6.95,2,0.0,6.95
22502,PICNIC BASKET WICKER SMALL,5.95,2,0.0,5.95
22086,PAPER CHAIN KIT 50'S CHRISTMAS ,2.55,40,0.1,2.295
22910,PAPER CHAIN KIT VINTAGE CHRISTMAS,2.55,40,0.1,2.295
22837,HOT WATER BOTTLE BABUSHKA ,4.25,36,0.1,3.825
22867,HAND WARMER BIRD DESIGN,1.85,96,0.1,1.665
POST,POSTAGE,15.0,1,0.0,15.0
22297,HEART IVORY TRELLIS SMALL,1.25,24,0.1,1.125
22771,CLEAR DRAWER KNOB ACRYLIC EDWARDIAN,1.25,12,0.1,1.125
22772,PINK DRAWER KNOB ACRYLIC EDWARDIAN,1.25,12,0.1,1.125
22773,GREEN DRAWER KNOB ACRYLIC EDWARDIAN,1.25,12,0.1,1.125
22805,BLUE DRAWER KNOB ACRYLIC EDWARDIAN,1.25,12,0.1,1.125
22469,HEART OF WICKER SMALL,1.65,12,0.1,1.4849999999999999
22197,SMALL POPCORN HOLDER,0.85,36,0.1,0.765
21125,SET 6 FOOTBALL CELEBRATION CANDLES,1.25,12,0.1,1.125
21126,SET OF 6 GIRLS CELEBRATION CANDLES,1.25,12,0.1,1.125
85049C,ROMANTIC PINKS RIBBONS ,1.25,12,0.1,1.125
85049D,BRIGHT BLUES RIBBONS ,1.25,12,0.1,1.125
85049E,SCANDINAVIAN REDS RIBBONS,1.25,12,0.1,1.125
85049G,CHOCOLATE BOX RIBBONS ,1.25,12,0.1,1.125
21061,PARTY INVITES FOOTBALL,0.85,12,0.1,0.765
21063,PARTY INVITES JAZZ HEARTS,0.85,12,0.1,0.765
21062,PARTY INVITES SPACEMAN,0.85,12,0.1,0.765
84380,SET OF 3 BUTTERFLY COOKIE CUTTERS,1.25,12,0.1,1.125
84378,SET OF 3 HEART COOKIE CUTTERS,1.25,12,0.1,1.125
22964,3 PIECE SPACEBOY COOKIE CUTTER SET,2.1,12,0.1,1.8900000000000001
21213,PACK OF 72 SKULL CAKE CASES,0.55,24,0.1,0.49500000000000005
22417,PACK OF 60 SPACEBOY CAKE CASES,0.55,24,0.1,0.49500000000000005
21212,PACK OF 72 RETROSPOT CAKE CASES,0.55,24,0.1,0.49500000000000005
84992,72 SWEETHEART FAIRY CAKE CASES,0.55,24,0.1,0.49500000000000005
21975,PACK OF 60 DINOSAUR CAKE CASES,0.55,24,0.1,0.49500000000000005
22383,LUNCH BAG SUKI  DESIGN ,1.65,10,0.1,1.4849999999999999
20728,LUNCH BAG CARS BLUE,1.65,10,0.1,1.4849999999999999
20727,LUNCH BAG  BLACK SKULL.,1.65,10,0.1,1.4849999999999999
22296,HEART IVORY TRELLIS LARGE,1.65,24,0.1,1.4849999999999999
20914,SET/5 RED RETROSPOT LID GLASS BOWLS,2.55,128,0.1,2.295
85123A,WHITE HANGING HEART T-LIGHT HOLDER,2.55,8,0.05,2.4225
71053,WHITE METAL LANTERN,3.39,8,0.05,3.2205
84406B,CREAM CUPID HEARTS COAT HANGER,2.75,8,0.05,2.6125
20679,EDWARDIAN PARASOL RED,4.95,6,0.05,4.7025
37370,RETRO COFFEE MUGS ASSORTED,1.06,6,0.05,1.007
21871,SAVE THE PLANET MUG,1.06,6,0.05,1.007
21071,VINTAGE BILLBOARD DRINK ME MUG,1.06,6,0.05,1.007
21068,VINTAGE BILLBOARD LOVE/HATE MUG,1.06,6,0.05,1.007
82483,WOOD 2 DRAWER CABINET WHITE FINISH,4.95,4,0.0,4.95
82486,WOOD S/3 CABINET ANT WHITE FINISH,6.95,4,0.0,6.95
82482,WOODEN PICTURE FRAME WHITE FINISH,2.1,6,0.05,1.9949999999999999
82494L,WOODEN FRAME ANTIQUE WHITE ,2.55,6,0.05,2.4225
84029G,KNITTED UNION FLAG HOT WATER BOTTLE,3.39,6,0.05,3.2205
84029E,RED WOOLLY HOTTIE WHITE HEART.,3.39,6,0.05,3.2205
22752,SET 7 BABUSHKA NESTING BOXES,7.65,2,0.0,7.65
22803,IVORY EMBROIDERED QUILT ,35.75,2,0.0,35.75
21730,GLASS STAR FROSTED T-LIGHT HOLDER,4.25,6,0.05,4.0375
22632,HAND WARMER RED POLKA DOT,1.85,6,0.05,1.7575
22633,HAND WARMER UNION JACK,1.85,6,0.05,1.7575
22537,MAGIC DRAWING SLATE DINOSAUR,0.42,24,0.1,0.378
22533,MAGIC DRAWING SLATE BAKE A CAKE ,0.42,24,0.1,0.378
20982,12 PENCILS TALL TUBE SKULLS,0.85,12,0.1,0.765
21832,CHOCOLATE CALCULATOR,1.65,12,0.1,1.4849999999999999
21915,RED  HARMONICA IN BOX ,1.25,12,0.1,1.125
21914,BLUE HARMONICA IN BOX ,1.25,12,0.1,1.125
21544,SKULLS  WATER TRANSFER TATTOOS ,0.85,12,0.1,0.765
22813,PACK 3 BOXES BIRD PANNETONE ,1.95,12,0.1,1.755
22114,HOT WATER BOTTLE TEA AND SYMPATHY,3.95,4,0.0,3.95
84029E,RED WOOLLY HOTTIE WHITE HEART.,3.75,4,0.0,3.75
21479,WHITE SKULL HOT WATER BOTTLE ,3.75,4,0.0,3.75
22964,3 PIECE SPACEBOY COOKIE CUTTER SET,2.1,6,0.05,1.9949999999999999
84375,SET OF 20 KIDS COOKIE CUTTERS,2.1,12,0.1,1.8900000000000001
22418,10 COLOUR SPACEBOY PEN,0.85,24,0.1,0.765
22178,VICTORIAN GLASS HANGING T-LIGHT,1.25,12,0.1,1.125
84970L,SINGLE HEART ZINC T-LIGHT HOLDER,0.95,12,0.1,0.855
21733,RED HANGING HEART T-LIGHT HOLDER,2.95,6,0.05,2.8025
22465,HANGING METAL STAR LANTERN,1.65,12,0.1,1.4849999999999999
84949,SILVER HANGING T-LIGHT HOLDER,1.65,6,0.05,1.5675
20685,DOORMAT RED RETROSPOT,7.95,2,0.0,7.95
48194,DOORMAT HEARTS,7.95,2,0.0,7.95
22488,NATURAL SLATE RECTANGLE CHALKBOARD,1.65,12,0.1,1.4849999999999999
22219,LOVEBIRD HANGING DECORATION WHITE ,0.85,12,0.1,0.765
84879,ASSORTED COLOUR BIRD ORNAMENT,1.69,8,0.05,1.6055
21754,HOME BUILDING BLOCK WORD,5.95,3,0.0,5.95
21755,LOVE BUILDING BLOCK WORD,5.95,3,0.0,5.95
22766,PHOTO FRAME CORNICE,2.95,8,0.05,2.8025
22610,PENS ASSORTED FUNNY FACE,0.85,36,0.1,0.765
22716,CARD CIRCUS PARADE,0.42,12,0.1,0.378
22706,WRAP COWBOYS  ,0.42,25,0.1,0.378
22371,AIRLINE BAG VINTAGE TOKYO 78,4.25,4,0.0,4.25
85014B,RED RETROSPOT UMBRELLA,5.95,3,0.0,5.95
85014A,BLACK/BLUE POLKADOT UMBRELLA,5.95,3,0.0,5.95
84997B,RED 3 PIECE RETROSPOT CUTLERY SET,3.75,6,0.05,3.5625
21212,PACK OF 72 RETROSPOT CAKE CASES,0.55,24,0.1,0.49500000000000005
21210,SET OF 72 RETROSPOT PAPER  DOILIES,1.45,12,0.1,1.305
22914,BLUE COAT RACK PARIS FASHION,4.95,3,0.0,4.95
22553,PLASTERS IN TIN SKULLS,1.65,12,0.1,1.4849999999999999
16237,SLEEPING CAT ERASERS,0.21,30,0.1,0.189
22714,CARD BIRTHDAY COWBOY,0.42,12,0.1,0.378
22812,PACK 3 BOXES CHRISTMAS PANNETONE,1.95,12,0.1,1.755
84347,ROTATING SILVER ANGELS T-LIGHT HLDR,2.55,6,0.05,2.4225
21587,COSY HOUR GIANT TUBE MATCHES,2.55,12,0.1,2.295
22736,RIBBON REEL MAKING SNOWMEN ,1.65,10,0.1,1.4849999999999999
22492,MINI PAINT SET VINTAGE ,0.65,36,0.1,0.5850000000000001
22620,4 TRADITIONAL SPINNING TOPS,1.25,12,0.1,1.125
22619,SET OF 6 SOLDIER SKITTLES,3.75,4,0.0,3.75
21705,BAG 500g SWIRLY MARBLES,1.65,12,0.1,1.4849999999999999
90199C,5 STRAND GLASS NECKLACE CRYSTAL,6.35,3,0.0,6.35
21479,WHITE SKULL HOT WATER BOTTLE ,3.75,1,0.0,3.75
22111,SCOTTIE DOG HOT WATER BOTTLE,4.95,1,0.0,4.95
22785,SQUARECUSHION COVER PINK UNION FLAG,6.75,1,0.0,6.75
22975,SPACEBOY CHILDRENS EGG CUP,1.25,1,0.0,1.25
22972,CHILDREN'S SPACEBOY MUG,1.65,1,0.0,1.65
22866,HAND WARMER SCOTTY DOG DESIGN,2.1,1,0.0,2.1
22568,FELTCRAFT CUSHION OWL,3.75,1,0.0,3.75
85116,BLACK CANDELABRA T-LIGHT HOLDER,2.1,1,0.0,2.1
22664,TOY TIDY DOLLY GIRL DESIGN,2.1,1,0.0,2.1
21609,SET 12 LAVENDER  BOTANICAL T-LIGHTS,2.95,1,0.0,2.95
21866,UNION JACK FLAG LUGGAGE TAG,1.25,1,0.0,1.25
20669,RED HEART LUGGAGE TAG,1.25,1,0.0,1.25
90129F,RED GLASS TASSLE BAG CHARM,2.95,1,0.0,2.95
90210B,CLEAR ACRYLIC FACETED BANGLE,2.95,1,0.0,2.95
90199C,5 STRAND GLASS NECKLACE CRYSTAL,6.35,1,0.0,6.35
21955,DOORMAT UNION JACK GUNS AND ROSES,7.95,1,0.0,7.95
